Model Auta,Verze modelu,Cena,Datum registrace,Najezd,Stk,Stav,Vykon,Objem motoru,Typ paliva,Typ prevodovky,Typ karoserie,Pocet dveri,Pocet mist,Barva exterieru,Adresa prodejce,Nazev prodejce
BMW XM,Bowers & Wilkins,3 899 000 Kč,6/2023,20180km,neuvedeno,Nové vozidlo,480 kW / 653 PS,4 395 cm³,hybridní - benzin,aut. převodovka,SUV,5 dveří,5 míst,červená,Řípská 5c Brno - Slatina 62700,"Renocar, a.s. - Brno"
BMW XM,N/A,3 799 000 Kč,5/2023,59000km,5/2027,Nové vozidlo,480 kW / 653 PS,4 395 cm³,hybridní - benzin,aut. převodovka,SUV,5 dveří,5 míst,šedá metalíza,Tř.T.Bati 400 Zlín 76001,Synot Auto Zlín - BMW se zárukou stavu a původu
BMW XM,50e,3 079 000 Kč,5/2024,13000km,5/2028,Nové vozidlo,350 kW / 476 PS,2 998 cm³,benzin,aut. převodovka,SUV,5 dveří,5 míst,bílá metalíza,Tř.T.Bati 400 Zlín 76001,Synot Auto Zlín - BMW se zárukou stavu a původu
BMW XM,N/A,4 430 000 Kč,N/A,neuvedeno,neuvedeno,Nové vozidlo,480 kW / 653 PS,4 395 cm³,hybridní - benzin,neuvedeno,SUV,5 dveří,5 míst,modrá metalíza,Obchodní 622 Liberec 11 46001,"CarTec Liberec, s.r.o."
BMW XM,50e,3 718 899 Kč,11/2024,15000km,neuvedeno,neuvedeno,350 kW / 476 PS,2 998 cm³,hybridní - benzin,aut. převodovka,SUV,5 dveří,5 míst,žlutá,Bytčická 82 Žilina 01001,MD-Bavaria Žilina s.r.o.
BMW XM,Label 1 of 500,4 900 000 Kč,2024,4870km,neuvedeno,Perfektní,550 kW / 748 PS,4 395 cm³,hybridní - benzin,aut. převodovka,SUV,5 dveří,5 míst,černá,Průběžná 76 Praha 10 10000,CarTec Praha s. r. o.
BMW XM,50e,3 049 000 Kč,N/A,neuvedeno,neuvedeno,Nové vozidlo,350 kW / 476 PS,2 998 cm³,hybridní - benzin,aut. převodovka,SUV,5 dveří,5 míst,bílá metalíza,Obchodní 622 Liberec 11 46001,"CarTec Liberec, s.r.o."
BMW XM,"LASER, M-ADAPTIVE, TAŽNÉ, BOWE",3 449 900 Kč,7/2023,5970km,7/2027,Perfektní,480 kW / 653 PS,4 395 cm³,hybridní - benzin,aut. převodovka,SUV,5 dveří,5 míst,černá metalíza,Kamýcká 40/7 Praha 6 16000,AUTO Z DOVOZU - Kvalitní zánovní vozy se zárukou
BMW XM,N/A,2 999 000 Kč,2023,60000km,neuvedeno,Perfektní,480 kW / 653 PS,4 395 cm³,hybridní - benzin,aut. převodovka,SUV,5 dveří,5 míst,černá metalíza,Obchodní 622 Liberec 11 46001,"CarTec Liberec, s.r.o."
BMW XM,Label Red,3 899 000 Kč,12/2023,38km,neuvedeno,Nové vozidlo,550 kW / 748 PS,4 395 cm³,hybridní - benzin,aut. převodovka,SUV,5 dveří,5 míst,neuvedeno,Jeremiášova 1127/5 Praha 5 - Stodůlky 15500,"BMW | MINI invelt Praha | Plzeň, nové vozy"
BMW XM,N/A,3 385 000 Kč,2023,25000km,neuvedeno,Perfektní,480 kW / 653 PS,4 395 cm³,hybridní - benzin,aut. převodovka,SUV,5 dveří,5 míst,šedá metalíza,Vítkovická 3246/1A Ostrava-Moravská Ostrava 70200,CarTec Ostrava s.r.o.
BMW XM,INDIVIDUAL,4 495 000 Kč,2024,neuvedeno,neuvedeno,Nové vozidlo,480 kW / 653 PS,4 395 cm³,hybridní - benzin,aut. převodovka,SUV,5 dveří,5 míst,modrá,K Vápence 2925 Pardubice V - Zelené Předměstí 53002,KOPECKÝ - BMW servis
BMW XM,N/A,2 999 999 Kč,4/2023,44000km,neuvedeno,neuvedeno,480 kW / 653 PS,4 395 cm³,hybridní - benzin,aut. převodovka,SUV,5 dveří,5 míst,zelená metalíza,Okruzni 49 Ceske Budejovice 37001,"ACR auto, a.s."
BMW XM,50e,3 315 000 Kč,N/A,neuvedeno,neuvedeno,Nové vozidlo,350 kW / 476 PS,2 998 cm³,hybridní - benzin,aut. převodovka,SUV,5 dveří,5 míst,modrá metalíza,Obchodní 622 Liberec 11 46001,"CarTec Liberec, s.r.o."
BMW XM,Label Red,3 999 000 Kč,12/2023,29km,neuvedeno,Nové vozidlo,550 kW / 748 PS,4 395 cm³,hybridní - benzin,aut. převodovka,SUV,5 dveří,5 míst,neuvedeno,Jeremiášova 1127/5 Praha 5 - Stodůlky 15500,"BMW | MINI invelt Praha | Plzeň, nové vozy"
BMW XM,4.4 V8TT,3 399 000 Kč,5/2023,24000km,neuvedeno,neuvedeno,480 kW / 653 PS,4 395 cm³,benzin,aut. převodovka,SUV,5 dveří,5 míst,šedá,Příborská 89 Zelinkovice 73942,Nelly Cars s.r.o.
BMW XM,N/A,3 707 000 Kč,N/A,neuvedeno,neuvedeno,Nové vozidlo,480 kW / 653 PS,4 395 cm³,hybridní - benzin,aut. převodovka,SUV,5 dveří,5 míst,zelená metalíza,Tovární 1b Olomouc 77900,CarTec Olomouc s.r.o.
BMW XM,N/A,3 798 000 Kč,2024,5000km,neuvedeno,Perfektní,480 kW / 653 PS,4 395 cm³,hybridní - benzin,aut. převodovka,SUV,5 dveří,5 míst,bílá,Průběžná 76 Praha 10 10000,CarTec Praha s. r. o.
BMW XM,XM Individual Masáže Garance+,3 299 000 Kč,5/2023,16000km,neuvedeno,Perfektní,480 kW / 653 PS,4 395 cm³,hybridní - benzin,aut. převodovka,SUV,5 dveří,5 míst,zelená metalíza,Pražská třída 24/138 Hradec Králové 50004,EXCLUSIVE CAR
BMW XM,N/A,3 889 000 Kč,2/2024,23604km,2/2028,Perfektní,480 kW / 653 PS,4 395 cm³,hybridní - benzin,aut. převodovka,SUV,5 dveří,5 míst,bílá,Řípská 5c Brno - Slatina 62700,"Renocar, a.s. - Brno"
BMW XM,Bowers & Wilkins,3 899 000 Kč,6/2023,20180km,neuvedeno,Nové vozidlo,480 kW / 653 PS,4 395 cm³,hybridní - benzin,aut. převodovka,SUV,5 dveří,5 míst,červená,Řípská 5c Brno - Slatina 62700,"Renocar, a.s. - Brno"
BMW XM,N/A,3 799 000 Kč,5/2023,59000km,5/2027,Nové vozidlo,480 kW / 653 PS,4 395 cm³,hybridní - benzin,aut. převodovka,SUV,5 dveří,5 míst,šedá metalíza,Tř.T.Bati 400 Zlín 76001,Synot Auto Zlín - BMW se zárukou stavu a původu
BMW XM,50e,3 079 000 Kč,5/2024,13000km,5/2028,Nové vozidlo,350 kW / 476 PS,2 998 cm³,benzin,aut. převodovka,SUV,5 dveří,5 míst,bílá metalíza,Tř.T.Bati 400 Zlín 76001,Synot Auto Zlín - BMW se zárukou stavu a původu
BMW XM,N/A,4 430 000 Kč,N/A,neuvedeno,neuvedeno,Nové vozidlo,480 kW / 653 PS,4 395 cm³,hybridní - benzin,neuvedeno,SUV,5 dveří,5 míst,modrá metalíza,Obchodní 622 Liberec 11 46001,"CarTec Liberec, s.r.o."
BMW XM,50e,3 718 899 Kč,11/2024,15000km,neuvedeno,neuvedeno,350 kW / 476 PS,2 998 cm³,hybridní - benzin,aut. převodovka,SUV,5 dveří,5 míst,žlutá,Bytčická 82 Žilina 01001,MD-Bavaria Žilina s.r.o.
BMW XM,Label 1 of 500,4 900 000 Kč,2024,4870km,neuvedeno,Perfektní,550 kW / 748 PS,4 395 cm³,hybridní - benzin,aut. převodovka,SUV,5 dveří,5 míst,černá,Průběžná 76 Praha 10 10000,CarTec Praha s. r. o.
BMW XM,50e,3 049 000 Kč,N/A,neuvedeno,neuvedeno,Nové vozidlo,350 kW / 476 PS,2 998 cm³,hybridní - benzin,aut. převodovka,SUV,5 dveří,5 míst,bílá metalíza,Obchodní 622 Liberec 11 46001,"CarTec Liberec, s.r.o."
BMW XM,"LASER, M-ADAPTIVE, TAŽNÉ, BOWE",3 449 900 Kč,7/2023,5970km,7/2027,Perfektní,480 kW / 653 PS,4 395 cm³,hybridní - benzin,aut. převodovka,SUV,5 dveří,5 míst,černá metalíza,Kamýcká 40/7 Praha 6 16000,AUTO Z DOVOZU - Kvalitní zánovní vozy se zárukou
BMW XM,N/A,2 999 000 Kč,2023,60000km,neuvedeno,Perfektní,480 kW / 653 PS,4 395 cm³,hybridní - benzin,aut. převodovka,SUV,5 dveří,5 míst,černá metalíza,Obchodní 622 Liberec 11 46001,"CarTec Liberec, s.r.o."
BMW XM,Label Red,3 899 000 Kč,12/2023,38km,neuvedeno,Nové vozidlo,550 kW / 748 PS,4 395 cm³,hybridní - benzin,aut. převodovka,SUV,5 dveří,5 míst,neuvedeno,Jeremiášova 1127/5 Praha 5 - Stodůlky 15500,"BMW | MINI invelt Praha | Plzeň, nové vozy"
BMW XM,N/A,3 385 000 Kč,2023,25000km,neuvedeno,Perfektní,480 kW / 653 PS,4 395 cm³,hybridní - benzin,aut. převodovka,SUV,5 dveří,5 míst,šedá metalíza,Vítkovická 3246/1A Ostrava-Moravská Ostrava 70200,CarTec Ostrava s.r.o.
BMW XM,INDIVIDUAL,4 495 000 Kč,2024,neuvedeno,neuvedeno,Nové vozidlo,480 kW / 653 PS,4 395 cm³,hybridní - benzin,aut. převodovka,SUV,5 dveří,5 míst,modrá,K Vápence 2925 Pardubice V - Zelené Předměstí 53002,KOPECKÝ - BMW servis
BMW XM,N/A,2 999 999 Kč,4/2023,44000km,neuvedeno,neuvedeno,480 kW / 653 PS,4 395 cm³,hybridní - benzin,aut. převodovka,SUV,5 dveří,5 míst,zelená metalíza,Okruzni 49 Ceske Budejovice 37001,"ACR auto, a.s."
BMW XM,50e,3 315 000 Kč,N/A,neuvedeno,neuvedeno,Nové vozidlo,350 kW / 476 PS,2 998 cm³,hybridní - benzin,aut. převodovka,SUV,5 dveří,5 míst,modrá metalíza,Obchodní 622 Liberec 11 46001,"CarTec Liberec, s.r.o."
BMW XM,Label Red,3 999 000 Kč,12/2023,29km,neuvedeno,Nové vozidlo,550 kW / 748 PS,4 395 cm³,hybridní - benzin,aut. převodovka,SUV,5 dveří,5 míst,neuvedeno,Jeremiášova 1127/5 Praha 5 - Stodůlky 15500,"BMW | MINI invelt Praha | Plzeň, nové vozy"
BMW XM,4.4 V8TT,3 399 000 Kč,5/2023,24000km,neuvedeno,neuvedeno,480 kW / 653 PS,4 395 cm³,benzin,aut. převodovka,SUV,5 dveří,5 míst,šedá,Příborská 89 Zelinkovice 73942,Nelly Cars s.r.o.
BMW XM,N/A,3 707 000 Kč,N/A,neuvedeno,neuvedeno,Nové vozidlo,480 kW / 653 PS,4 395 cm³,hybridní - benzin,aut. převodovka,SUV,5 dveří,5 míst,zelená metalíza,Tovární 1b Olomouc 77900,CarTec Olomouc s.r.o.
BMW XM,N/A,3 798 000 Kč,2024,5000km,neuvedeno,Perfektní,480 kW / 653 PS,4 395 cm³,hybridní - benzin,aut. převodovka,SUV,5 dveří,5 míst,bílá,Průběžná 76 Praha 10 10000,CarTec Praha s. r. o.
BMW XM,XM Individual Masáže Garance+,3 299 000 Kč,5/2023,16000km,neuvedeno,Perfektní,480 kW / 653 PS,4 395 cm³,hybridní - benzin,aut. převodovka,SUV,5 dveří,5 míst,zelená metalíza,Pražská třída 24/138 Hradec Králové 50004,EXCLUSIVE CAR
BMW XM,N/A,3 889 000 Kč,2/2024,23604km,2/2028,Perfektní,480 kW / 653 PS,4 395 cm³,hybridní - benzin,aut. převodovka,SUV,5 dveří,5 míst,bílá,Řípská 5c Brno - Slatina 62700,"Renocar, a.s. - Brno"
BMW Řada 6,630i 200kW COUPE PANORAMA,319 999 Kč,3/2008,147840km,9/2025,Velmi dobrý,200 kW / 272 PS,2 996 cm³,benzin,aut. převodovka,kupé,2 dveře,4 místa,černá metalíza,Kunraticka Spojka 1169/1 Praha 4 14800,MAMA CAR a.s.
BMW Řada 6,633 CSI,185 000 Kč,1981,159176km,neuvedeno,Perfektní,145 kW / 197 PS,3 188 cm³,benzin,neuvedeno,kupé,neuvedeno,neuvedeno,červená,Líšný 2.díl 6 Líšný 46822,AUTORENT s.r.o.
BMW Řada 6,"630 Ci 190KW, PANORAMA.",219 000 Kč,3/2006,202306km,10/2024,Velmi dobrý,190 kW / 258 PS,2 996 cm³,benzin,aut. převodovka,kupé,2 dveře,4 místa,černá metalíza,Počernická 0 Praha 10 Malešice 10800,Autobazar ARHO
BMW Řada 6,635 csi,180 000 Kč,1984,neuvedeno,neuvedeno,Perfektní,160 kW / 218 PS,3 500 cm³,benzin,neuvedeno,sedan,5 dveří,neuvedeno,neuvedeno,Líšný 2.díl 6 Líšný 46822,AUTORENT s.r.o.
BMW Řada 6,650i 270kW AUTOMAT,419 999 Kč,9/2008,50252km,9/2026,Velmi dobrý,270 kW / 367 PS,4 799 cm³,benzin,aut. převodovka,kupé,2 dveře,4 místa,černá metalíza,Kunraticka Spojka 1169/1 Praha 4 14800,MAMA CAR a.s.
BMW Řada 6,650i M GC x-Drive 132tkm!,489 000 Kč,3/2013,132000km,neuvedeno,Perfektní,330 kW / 449 PS,4 395 cm³,benzin,aut. převodovka,kupé,4 dveře,4 místa,černá,Kolískova 473/15 Brno 60200,"AUTO-VISION, s.r.o. & www.autabezdph.eu"
BMW Řada 6,"650i xDrive, GC,CZ,TOP VÝBAVA",499 000 Kč,10/2014,133233km,9/2026,Perfektní,330 kW / 449 PS,4 395 cm³,benzin,aut. převodovka,kupé,4 dveře,5 míst,šedá metalíza,Lidická 265/70 Plzeň 32300,AUTO HOFMANN CZ s.r.o.
BMW Řada 6,645 CI Super stav,299 000 Kč,2005,180000km,11/2026,Perfektní,245 kW / 333 PS,4 398 cm³,benzin,aut. převodovka,kupé,2 dveře,4 místa,tmavě šedá metalíza,K Měcholupům 537/17 Praha 10 10900,"Autobutik, s.r.o."
BMW Řada 6,635d-PLNÝ SERVIS-CLONA,409 000 Kč,1/2008,253104km,4/2026,Perfektní,210 kW / 286 PS,2 993 cm³,nafta,aut. převodovka,kabriolet,3 dveře,4 místa,černá metalíza,Jičínská 414 Mladá Boleslav 29301,MMC Autobazar
BMW Řada 6,645-CABRIO-TOP PŮVOD-SERV.HIST,329 900 Kč,2004,134600km,10/2025,Perfektní,245 kW / 333 PS,4 398 cm³,benzin,aut. převodovka,kabriolet,3 dveře,4 místa,stříbrná metalíza,"Strakonická 24, P5 - Lahovičky POZOR! U Lahovického mostu!!! 15900",HYUNDAI-RÁJ.cz - ověřené vozy HYUNDAI-TOYOTA-KIA
BMW Řada 6,640d/GranCoupé/Luxury/PANO/,419 000 Kč,2013,240137km,10/2026,Perfektní,230 kW / 313 PS,2 993 cm³,nafta,aut. převodovka,kupé,4 dveře,5 míst,šedá,Dřevčická 8- Autobazar VIP CAR s Praha 10 10800,VIP CAR s.r.o.
BMW Řada 6,"2,8 628 CSi AT",499 000 Kč,5/1984,189000km,neuvedeno,Perfektní,135 kW / 184 PS,2 800 cm³,benzin,aut. převodovka,kupé,5 dveří,5 míst,zlatá metalíza,Černokostelecká 697/59 Říčany u Prahy 25101,Auto Grabl s.r.o.
BMW Řada 6,630Ci CABRIO 102TIS KM ALU21,499 999 Kč,2007,102000km,4/2025,Perfektní,190 kW / 258 PS,2 996 cm³,benzin,aut. převodovka,kabriolet,3 dveře,4 místa,černá metalíza,Lovosická 778/2 PRAHA 9 - PROSEK 19000,Autosalon Šedivý & Šmejkal s.r.o.
BMW Řada 6,640i-CABRIO-R20-HEZKÝ STAV,515 000 Kč,3/2011,202000km,neuvedeno,Perfektní,235 kW / 320 PS,2 979 cm³,benzin,aut. převodovka,kabriolet,2 dveře,4 místa,světle šedá metalíza,Mořina 194 Mořina u PRAHY 26717,VIP MOTORS
BMW Řada 6,645Ci PRAVIDELNÝ SERVIS!! TOP!,449 000 Kč,2005,168000km,11/2026,Perfektní,245 kW / 333 PS,4 398 cm³,benzin,aut. převodovka,kabriolet,2 dveře,4 místa,černá metalíza,U Jezu 274 Stará Ves nad Ondřejnicí 73923,"TOP-AUTO OSTRAVA, s.r.o."
BMW Řada 6,"640d xDrive, ČR,4X4,NAVI",515 000 Kč,2016,207100km,5/2026,Dobrý,230 kW / 313 PS,3 000 cm³,nafta,aut. převodovka,sedan,4 dveře,5 míst,modrá,Dopraváků 874/15 Praha 8 - Čimice 18400,AAA Auto
BMW Řada 6,"Luxury Line 630d GT, Led,DPH",540 000 Kč,2018,243044km,10/2026,Dobrý,195 kW / 265 PS,3 000 cm³,nafta,aut. převodovka,liftback,5 dveří,5 míst,šedá,Dopraváků 874/15 Praha 8 - Čimice 18400,AAA Auto
BMW Řada 6,650i xDrive Gran Coupé/Mpaket,499 990 Kč,10/2012,105000km,11/2025,neuvedeno,330 kW / 449 PS,4 395 cm³,benzin,aut. převodovka,sedan,4 dveře,5 míst,modrá metalíza,Křižíkova 2411 Benešov 25601,Auto BB Benešov
BMW Řada 6,633 csi,180 000 Kč,1984,neuvedeno,neuvedeno,Perfektní,neuvedeno,3 300 cm³,benzin,neuvedeno,neuvedeno,neuvedeno,neuvedeno,neuvedeno,Líšný 2.díl 6 Líšný 46822,AUTORENT s.r.o.
BMW Řada 6,"BR 640d Cabrio, Head-Up, Soft-",520 000 Kč,1/2012,190600km,neuvedeno,neuvedeno,230 kW / 313 PS,2 993 cm³,nafta,aut. převodovka,kabriolet,2 dveře,4 místa,hnědá metalíza,"Einsteinova 21/A Bratislava, Slovensko 85101",AR CARS s.r.o. BRATISLAVA
BMW Řada 6,650i XDRIVE COUPE INDIVIDUAL,599 000 Kč,2014,89000km,5/2026,Perfektní,330 kW / 449 PS,4 395 cm³,benzin,aut. převodovka,kupé,2 dveře,4 místa,tmavě modrá metalíza,Jakubov u Mor. Budějovic 48 Jakubov u Mor. Budějovic 67544,AUTOHUPRA
BMW Řada 6,640d GT xDrive M PAKET 1MAJ ČR,579 999 Kč,6/2018,246595km,6/2026,Velmi dobrý,235 kW / 320 PS,2 993 cm³,nafta,aut. převodovka,liftback,5 dveří,5 míst,černá metalíza,Kunraticka Spojka 1169/1 Praha 4 14800,MAMA CAR a.s.
BMW Řada 6,630d GT xD LUXURY S.CLOSE ČR,678 000 Kč,6/2018,153283km,5/2026,Velmi dobrý,195 kW / 265 PS,2 993 cm³,nafta,aut. převodovka,liftback,5 dveří,5 míst,žlutá,Dyje Ev.č.520 Znojmo 66902,"Autocentrum Cars Trade M&M, s.r.o"
BMW Řada 6,630d xDrive Gran Turismo,628 000 Kč,2017,156000km,neuvedeno,Dobrý,195 kW / 265 PS,2 993 cm³,nafta,aut. převodovka,liftback,4 dveře,5 míst,černá metalíza,Průběžná 76 Praha 10 10000,CarTec Praha s. r. o.
BMW Řada 6,"650i xDrive, cabrio, 405PS",549 990 Kč,7/2012,175000km,11/2023,Perfektní,300 kW / 408 PS,4 395 cm³,benzin,aut. převodovka,kabriolet,3 dveře,4 místa,černá metalíza,Křižíkova 2411 Benešov 25601,Auto BB Benešov
BMW Řada 6,"640i, 235kW, TOP STAV",649 000 Kč,4/2011,92260km,6/2025,Perfektní,235 kW / 320 PS,2 979 cm³,benzin,aut. převodovka,kabriolet,2 dveře,4 místa,šedá metalíza,Lidická 265/70 Plzeň 32300,AUTO HOFMANN CZ s.r.o.
BMW Řada 6,640d xDrive Gran Coupé,719 000 Kč,2018,139000km,neuvedeno,Velmi dobrý,230 kW / 313 PS,2 993 cm³,nafta,neuvedeno,kupé,5 dveří,5 míst,bílá,Obchodní 622 Liberec 11 46001,"CarTec Liberec, s.r.o."
BMW Řada 6,650i XDRIVE GC F06 330kW,549 999 Kč,12/2012,108150km,10/2026,Perfektní,330 kW / 449 PS,4 395 cm³,benzin,aut. převodovka,kupé,4 dveře,5 míst,zlatá metalíza,Lovosická 778/2 PRAHA 9 - PROSEK 19000,Autosalon Šedivý & Šmejkal s.r.o.
BMW Řada 6,640i xDrive Gran Turismo Luxur,569 999 Kč,8/2018,200141km,neuvedeno,Velmi dobrý,250 kW / 340 PS,2 998 cm³,benzin,aut. převodovka,kupé,5 dveří,5 míst,stříbrná metalíza,Kostelecká 933/77a Praha 9 Čakovice 19600,"UniCredit Leasing CZ, a.s."
BMW Řada 6,640i xDrive MPAKET/ TOP VÝBAVA,678 000 Kč,10/2017,179000km,neuvedeno,Velmi dobrý,250 kW / 340 PS,2 998 cm³,benzin,aut. převodovka,liftback,5 dveří,5 míst,černá metalíza,Novohradská 1479/70 Č.Budějovice 37008,NIKERLE auto s.r.o.
BMW Řada 6,640D XDRIVE GC F06 230kW,649 999 Kč,7/2013,123420km,5/2026,Perfektní,230 kW / 313 PS,2 993 cm³,nafta,aut. převodovka,sedan,4 dveře,5 míst,bílá metalíza,Lovosická 778/2 PRAHA 9 - PROSEK 19000,Autosalon Šedivý & Šmejkal s.r.o.
BMW Řada 6,650i x-Drive M PACKET F13,669 000 Kč,2012,106500km,12/2023,Perfektní,330 kW / 449 PS,4 395 cm³,benzin,aut. převodovka,kupé,3 dveře,4 místa,bílá,Doubravická 363 Pardubice 53353,Auto Vašíček
BMW Řada 6,"630 GT xDrive , M Sport Paket",645 000 Kč,2018,167000km,7/2026,Velmi dobrý,195 kW / 265 PS,2 993 cm³,nafta,aut. převodovka,liftback,5 dveří,5 míst,černá metalíza,Hodkovická 52 Liberec 6 46006,CZ Auto Liberec s.r.o.
BMW Řada 6,640D 105tKM!! TOP STAV!!,599 000 Kč,2014,115000km,7/2025,Perfektní,230 kW / 313 PS,2 993 cm³,nafta,aut. převodovka,kupé,3 dveře,4 místa,tmavě modrá metalíza,U Jezu 274 Stará Ves nad Ondřejnicí 73923,"TOP-AUTO OSTRAVA, s.r.o."
BMW Řada 6,"3,0 640d,230kW,xDrive,NovéČR,B",550 000 Kč,9/2012,270000km,7/2026,Velmi dobrý,230 kW / 313 PS,2 993 cm³,nafta,aut. převodovka,kupé,5 dveří,4 místa,bílá,Pražská 338 SLANÝ 27401,Auto VELVEX s.r.o.
BMW Řada 6,"640dxDrive,GranCoupe,REZERVACE",549 000 Kč,2016,238393km,neuvedeno,Perfektní,230 kW / 313 PS,2 993 cm³,nafta,aut. převodovka,kupé,4 dveře,5 míst,bílá,Tovární 11 Brno - Chrlice 64300,Patrik Béreš
BMW Řada 6,"3,0 640d 230KW xDrive M Sport",665 000 Kč,3/2013,169964km,7/2026,neuvedeno,230 kW / 313 PS,2 993 cm³,nafta,aut. převodovka,kupé,2 dveře,4 místa,černá,Kutnohorská Praha 10 10900,Autobazar AUTO-MEGA PRAHA s.r.o.
BMW Řada 6,640d xDrive M PAKET 95000KM ČR,689 999 Kč,1/2014,95590km,2/2026,Velmi dobrý,230 kW / 313 PS,2 993 cm³,nafta,aut. převodovka,sedan,4 dveře,5 míst,černá metalíza,Kunraticka Spojka 1169/1 Praha 4 14800,MAMA CAR a.s.
BMW Řada 6,"640d xDrive GranCoupe, 1.maj",638 000 Kč,2016,169300km,5/2026,Perfektní,230 kW / 313 PS,2 993 cm³,nafta,aut. převodovka,kupé,4 dveře,4 místa,černá metalíza,Rokycanská 2656/2 Plzeň 31200,MPcars - prověřené vozy
BMW Řada 6,630d Xd- GT-LUXURY-TAŽNÉ-4x4-,699 999 Kč,2019,140000km,neuvedeno,Perfektní,195 kW / 265 PS,2 993 cm³,nafta,aut. převodovka,liftback,5 dveří,5 míst,světle hnědá metalíza,Praha Praha 4 Spořilov (Jížní spojka) 14100,www.autadovozy.cz tel. 776 66 80 66
BMW Řada 6,640i Convertible,979 000 Kč,2014,24000km,neuvedeno,Velmi dobrý,235 kW / 320 PS,2 979 cm³,benzin,aut. převodovka,kabriolet,3 dveře,5 míst,šedá metalíza,Tovární 1b Olomouc 77900,CarTec Olomouc s.r.o.
BMW Řada 6,640d*xDrive*SOFT.CLOSE*HUD*360,739 990 Kč,2015,139000km,11/2025,Perfektní,230 kW / 313 PS,2 993 cm³,nafta,aut. převodovka,kupé,5 dveří,4 místa,modrá metalíza,"Rovná 1332 Sulice - Želivec, Praha 25168",GP Cars - Kvalitní vozy se zárukou
BMW Řada 6,640i xDrive Gran Turismo,830 000 Kč,2017,95500km,neuvedeno,Velmi dobrý,250 kW / 340 PS,2 998 cm³,benzin,aut. převodovka,liftback,4 dveře,5 míst,hnědá metalíza,Obchodní 622 Liberec 11 46001,"CarTec Liberec, s.r.o."
BMW Řada 6,630d xDrive Gran Turismo,799 000 Kč,2019,167000km,neuvedeno,Velmi dobrý,195 kW / 265 PS,2 993 cm³,nafta,aut. převodovka,liftback,4 dveře,5 míst,bílá,Tovární 1b Olomouc 77900,CarTec Olomouc s.r.o.
BMW Řada 6,650ix,759 000 Kč,2011,65000km,neuvedeno,Velmi dobrý,330 kW / 449 PS,4 395 cm³,benzin,aut. převodovka,kupé,3 dveře,5 míst,černá metalíza,Obchodní 622 Liberec 11 46001,"CarTec Liberec, s.r.o."
BMW Řada 6,640i xDrive Gran Turismo,999 000 Kč,1/2021,87399km,1/2025,Perfektní,245 kW / 333 PS,2 998 cm³,benzin,aut. převodovka,liftback,5 dveří,5 míst,červená metalíza,Jenisov 187 Karlovy Vary 36001,"DyCom Group, s.r.o."
BMW Řada 6,630d xDrive Gran Turismo,729 000 Kč,4/2018,134800km,7/2026,Velmi dobrý,195 kW / 265 PS,2 993 cm³,nafta,aut. převodovka,liftback,5 dveří,5 míst,světle modrá metalíza,Na Dlouhé louce 1730 Č. Budějovice 37011,MACH MOTORS s.r.o.
BMW Řada 6,GT 640i xDrive LUXURY LINE CZ,779 000 Kč,1/2020,158315km,1/2026,Perfektní,250 kW / 340 PS,2 998 cm³,benzin,aut. převodovka,hatchback,5 dveří,5 míst,vínová metalíza,K Chotobuzi 333 Čestlice 25101,Albion Cars Praha
BMW Řada 6,640 d xDrive,899 900 Kč,4/2019,101000km,neuvedeno,Perfektní,230 kW / 313 PS,2 993 cm³,nafta,aut. převodovka,kupé,3 dveře,4 místa,modrá metalíza,Poříčí 851 Boršov nad Vltavou 37382,"G-car s.r.o. - roční vozy Audi, Škoda, VW, MB"
BMW Řada 6,640d GT xDrive Mpaket,999 000 Kč,10/2018,72200km,10/2026,Velmi dobrý,235 kW / 320 PS,2 993 cm³,nafta,aut. převodovka,liftback,5 dveří,5 míst,šedá metalíza,Na Dlouhé louce 1730 Č. Budějovice 37011,MACH MOTORS s.r.o.
BMW Řada 6,GT 640i Luxury Line,1 050 000 Kč,2018,151997km,8/2026,Perfektní,250 kW / 340 PS,2 998 cm³,benzin,aut. převodovka,sedan,5 dveří,5 míst,hnědá,Bylany 147 Bylany 53801,Auto-RE
BMW Řada 6,"GT 640i xDrive,ČR,1.Maj.S.kn.",724 800 Kč,2019,188000km,3/2025,Perfektní,250 kW / 340 PS,2 998 cm³,benzin,aut. převodovka,sedan,5 dveří,5 míst,světle hnědá metalíza,Libeňský ostrov Praha-8 18000,Autobazar KONY
BMW Řada 6,3.0 GT /195kW,779 000 Kč,2018,164000km,2/2025,Perfektní,195 kW / 265 PS,2 993 cm³,nafta,aut. převodovka,hatchback,5 dveří,5 míst,černá,,Dominik
BMW Řada 6,640d GT xDrive M-Sport,899 900 Kč,2/2019,120170km,neuvedeno,Perfektní,235 kW / 320 PS,2 993 cm³,nafta,aut. převodovka,liftback,neuvedeno,neuvedeno,bílá metalíza,Poříčí 851 Boršov nad Vltavou 37382,"G-car s.r.o. - roční vozy Audi, Škoda, VW, MB"
BMW Řada 6,640i xDrive Gran Turismo,1 199 000 Kč,2022,45000km,7/2026,Perfektní,245 kW / 333 PS,2 998 cm³,benzin,aut. převodovka,liftback,4 dveře,5 míst,šedá metalíza,Ruská 3018 Ostrava-Moravská Ostrava 70300,CarTec Ostrava s.r.o.
BMW Řada 6,640i xDrive 250kW,1 099 900 Kč,11/2018,56000km,neuvedeno,Perfektní,250 kW / 340 PS,2 998 cm³,benzin,aut. převodovka,liftback,5 dveří,5 míst,šedá,Poříčí 851 Boršov nad Vltavou 37382,"G-car s.r.o. - roční vozy Audi, Škoda, VW, MB"
BMW Řada 6,"640d xDrive GT, vzduch, masáže",899 000 Kč,10/2019,107950km,9/2025,Velmi dobrý,235 kW / 320 PS,2 993 cm³,nafta,aut. převodovka,liftback,5 dveří,5 míst,černá metalíza,Hodkovická 135 Liberec 46312,AUTA JODR
BMW Řada 6,630d xDrive Gran Turismo,828 000 Kč,2017,58000km,neuvedeno,Perfektní,195 kW / 265 PS,2 993 cm³,nafta,aut. převodovka,liftback,4 dveře,5 míst,stříbrná metalíza,Průběžná 76 Praha 10 10000,CarTec Praha s. r. o.
BMW Řada 6,640d xDrive Gran Turismo,1 199 000 Kč,11/2021,94485km,neuvedeno,Perfektní,250 kW / 340 PS,2 993 cm³,nafta,aut. převodovka,kombi,5 dveří,5 míst,hnědá,Řípská 5c Brno - Slatina 62700,"Renocar, a.s. - Brno"
BMW Řada 6,640d xDrive Gran Turismo,1 240 250 Kč,6/2021,50000km,neuvedeno,neuvedeno,250 kW / 340 PS,2 993 cm³,nafta,aut. převodovka,sedan,5 dveří,5 míst,černá metalíza,Březhradská 195 Hradec Králové - Březhrad 50332,BMW AutoWallis Hradec Králové
BMW Řada 6,640i xDrive Gran Turismo,1 399 000 Kč,2020,42000km,8/2028,Velmi dobrý,245 kW / 333 PS,2 998 cm³,benzin,aut. převodovka,liftback,4 dveře,5 míst,šedá metalíza,Ruská 3018 Ostrava-Moravská Ostrava 70300,CarTec Ostrava s.r.o.
BMW Řada 6,"640d GT, masáže, TV, záruka",2 298 999 Kč,2022,9900km,neuvedeno,Předváděcí vozidlo,250 kW / 340 PS,2 993 cm³,nafta,aut. převodovka,liftback,5 dveří,5 míst,šedá metalíza,Na Dlouhé louce 1730 Č. Budějovice 37011,MACH MOTORS s.r.o.
BMW Řada 6,M640d xD GT MOŽNOST NÁJMU,2 411 862 Kč,2022,6200km,neuvedeno,Perfektní,250 kW / 340 PS,2 998 cm³,nafta,aut. převodovka,liftback,neuvedeno,neuvedeno,šedá metalíza,V Horkách 1735/21 Praha 4 - Nusle 14000,SIMPLY BUSSINES&FINANCING s.r.o.
BMW Řada 6,640d xD GT MOŽNOST NÁJMU,2 215 384 Kč,2023,6200km,neuvedeno,Perfektní,250 kW / 340 PS,2 993 cm³,nafta,aut. převodovka,liftback,neuvedeno,neuvedeno,šedá metalíza,V Horkách 1735/21 Praha 4 - Nusle 14000,SIMPLY BUSSINES&FINANCING s.r.o.
BMW Řada 6,630d xDrive Gran Turismo,1 499 000 Kč,3/2023,55000km,3/2027,Nové vozidlo,210 kW / 286 PS,2 993 cm³,nafta,aut. převodovka,hatchback,5 dveří,5 míst,bílá metalíza,Tř.T.Bati 400 Zlín 76001,Synot Auto Zlín - BMW se zárukou stavu a původu
BMW Řada 6,GT 630d xDrive Luxury FCL Gar,1 289 000 Kč,8/2022,49000km,neuvedeno,Perfektní,210 kW / 286 PS,2 993 cm³,nafta,aut. převodovka,liftback,5 dveří,5 míst,tmavě modrá metalíza,Pražská třída 24/138 Hradec Králové 50004,EXCLUSIVE CAR
BMW Řada 6,"630d xDrive GT, 2023, záruka",1 644 390 Kč,2/2023,29000km,neuvedeno,Předváděcí vozidlo,210 kW / 286 PS,2 993 cm³,nafta,aut. převodovka,liftback,5 dveří,5 míst,bílá metalíza,Na Dlouhé louce 1730 Č. Budějovice 37011,MACH MOTORS s.r.o.
BMW Řada 6,640i xDrive Gran Turismo,1 699 000 Kč,2023,23000km,neuvedeno,Velmi dobrý,245 kW / 333 PS,2 998 cm³,benzin,aut. převodovka,liftback,4 dveře,5 míst,šedá metalíza,Tovární 1b Olomouc 77900,CarTec Olomouc s.r.o.
BMW Řada 6,630d xDrive GT M-Sport,1 625 000 Kč,5/2023,14100km,neuvedeno,Velmi dobrý,210 kW / 286 PS,2 993 cm³,nafta,aut. převodovka,liftback,5 dveří,5 míst,bílá metalíza,Jenisov 187 Karlovy Vary 36001,"DyCom Group, s.r.o."
BMW Řada 6,640i xD M-Sport Pano Laser HUD,1 529 000 Kč,9/2022,39500km,neuvedeno,neuvedeno,245 kW / 333 PS,2 998 cm³,benzin,aut. převodovka,hatchback,5 dveří,5 míst,šedá,Holečkova 657/29 Praha 15000,Automaton s.r.o.
